,index,RMSE,MAE,R2
0,XGBoost,22730.366245766185,18379.166666666668,0.9817690273475503
1,RandomForest,18686.078142117818,16363.166666666666,0.9876793592588358
2,LinearRegression,16221.040790693221,12433.0,0.9907155879704752
3,LSTM,15198.274277035534,12013.833333333334,0.9918494760418057
4,ARIMA,14959.893464683544,11265.335750585647,0.9835642876268827
